from,to
0,1725
3551,1475
3551,1381
2045,3183
2045,1244
2045,528
28,4302
28,4087
30,1772
33,1098
3606,510
3606,2424
3606,718
40,968
40,2501
40,4239
53,3878
53,2041
3610,697
64,1725
65,1888
88,1644
88,3531
88,4302
88,1725
629,1381
629,636
136,881
2195,800
2195,390
142,3362
142,1244
142,375
142,1261
142,1240
3536,478
3536,3531
3536,2626
3536,4061
3536,3765
3536,1725
3536,3774
3536,1865
3536,333
3536,2484
148,2058
148,3444
148,919
148,2024
164,2536
182,2634
184,3103
184,3376
184,1303
184,2742
184,446
185,1381
185,793
185,3633
185,3830
185,2255
185,1725
185,573
3984,3531
3984,3677
3984,318
3984,4068
3984,4302
3984,3637
3984,406
3984,1335
191,2303
191,2831
249,3129
254,2634
256,1725
276,636
3759,4314
3759,3482
3759,3
3759,1725
3759,636
3759,4087
310,1697
314,2812
314,4026
314,4103
314,770
314,1991
314,1261
318,545
318,2634
318,2416
318,2523
3660,2314
3660,1725
3660,2464
332,333
333,1681
333,1004
3666,573
3666,1476
3666,802
415,2626
375,988
375,3363
375,1232
375,2386
375,903
375,573
375,1455
375,3977
375,1261
375,1595
375,4061
375,2359
375,4116
380,1725
403,1217
403,1261
403,3
403,3376
406,636
406,2883
411,770
411,1157
411,2994
411,2062
800,1523
802,2164
802,1631
437,1729
437,4087
443,3429
443,3531
443,4302
443,1725
446,1381
446,1725
451,478
451,3479
460,1381
1301,1040
478,3362
478,1093
478,1386
478,1267
478,545
478,1244
478,2240
478,1818
478,3878
478,2634
478,2951
478,2416
478,3774
478,3636
489,528
489,1725
489,636
503,1725
514,3
514,1725
514,4239
514,636
532,3633
550,4182
573,1098
591,2386
601,3
603,3257
604,636
2551,2106
623,2538
623,171
633,2035
633,2314
633,1026
633,770
633,1300
633,2725
633,1655
633,1725
633,2164
636,1615
636,1896
636,2447
636,4274
636,3257
636,702
636,2062
636,2883
636,1127
636,1395
636,2308
636,888
636,1683
636,2772
636,1838
636,906
636,1650
636,3201
636,656
636,528
636,3774
636,1069
636,1472
636,2017
636,1530
641,1300
3903,1127
656,1725
687,2903
687,1725
687,3538
702,2725
718,1450
718,2812
718,3781
145,2123
770,3
770,4026
770,4103
770,1026
770,1098
770,903
770,2994
770,2725
770,2513
787,2058
787,1423
787,4314
787,3183
793,1961
793,1157
793,1086
793,1950
793,2602
793,1725
793,1550
801,3241
803,1300
826,3019
826,1725
871,1581
871,1157
871,1884
871,1261
871,4243
871,2919
871,1725
871,3681
881,1157
888,3999
888,1725
888,3781
1550,2035
1550,3362
1550,1483
1550,1244
1550,4273
1550,2994
1550,1932
1550,1261
1550,2831
1550,2875
1550,2755
1550,1975
1550,4361
1550,1300
1550,1124
1550,1504
1550,1240
1550,1381
1550,3774
1550,1725
919,3444
919,2024
919,4145
919,659
919,2058
919,1673
1335,951
1335,4075
1335,3559
1335,3495
1335,2769
1335,3876
3952,2626
3952,4320
951,1725
951,1300
951,1599
965,2521
967,4148
967,528
968,1022
968,1300
986,1599
3774,1725
3774,1599
1644,1381
1644,1366
1644,1725
1644,3531
1000,2751
1019,1725
1022,3183
1022,3637
1026,2725
1026,1838
1026,2994
1027,3
1037,3
1038,2288
1038,1450
1040,3
1044,1504
1044,2423
1044,1673
1047,1300
1047,1670
1069,1455
1069,3482
1086,3482
1093,2255
1093,1725
1093,3902
1093,2386
1094,3
1096,3535
1098,1641
1098,3633
1098,3253
1098,2255
1098,1725
903,1725
903,1589
903,528
2375,2164
1138,2359
1157,556
1157,3183
1157,1725
1157,2654
1157,1381
989,1725
1184,1725
1197,2464
1207,1581
1207,3183
1207,2255
1211,2041
1230,4239
1232,1725
1232,2680
1244,3504
1244,3444
1244,1838
1244,1818
1261,1381
1261,618
1261,2755
1261,1725
1261,1638
1270,2872
1270,2677
1278,2593
3829,2831
1283,4310
1286,4026
1286,3183
1286,3
1286,1884
1286,4314
1300,4095
1300,1896
1300,3368
1300,1623
1300,588
1300,3538
1300,2724
1300,1267
1300,1943
1300,2751
1300,1958
1300,3582
1300,4361
1300,2521
1300,171
1300,1725
1300,2290
1300,3681
1300,3402
1300,4294
1300,2875
1300,3726
1300,1581
1300,1124
1300,2164
1303,2058
1303,1581
1303,2521
1330,2626
1330,1888
1331,3
1361,2123
1361,2831
3808,4239
1363,1943
1366,4061
3950,3340
3950,4331
1378,1581
1386,2123
1386,4232
1390,3362
1395,2692
1395,1725
1395,3
1395,1763
1423,3826
1423,1683
1436,1725
1455,1725
1455,4026
1455,4103
1455,2755
1455,1381
1455,528
3359,3140
3359,3463
1483,2513
1499,2255
1499,1725
4261,3538
1504,2011
1504,1725
1509,1725
1509,4225
1522,3349
1532,2460
1532,3633
1532,327
1532,2134
1532,2951
1541,1725
1547,2650
1552,3
1557,1567
1575,2707
1577,4097
1581,3833
1581,3902
1604,1884
1604,4289
1604,3183
1604,1725
1604,3
4116,1381
1623,4232
1638,3368
1638,2919
1641,2820
3340,4302
3340,4331
1673,3444
1673,1267
1673,1865
1673,2024
1681,2485
1681,1554
1683,3099
1683,2831
1683,3921
1683,1725
1683,528
1683,3479
1708,3388
1713,3183
4268,1932
4268,3362
1725,2516
1725,2196
1725,4124
1725,2784
1725,2204
1725,2231
1725,659
1725,3252
1725,3388
1725,1752
1725,1896
1725,2815
1725,3354
1725,3941
1725,4012
1725,970
1725,3402
1725,2364
1725,2893
1725,3436
1725,1821
1725,2903
1725,4287
1725,3455
1725,1838
1725,1840
1725,1843
1725,3633
1725,1968
1725,1859
1725,4026
1725,3504
1725,3509
1725,1895
1725,2883
1725,1848
1725,1943
1725,3559
1725,4145
1725,1965
1725,990
1725,3462
1725,272
1725,2751
1725,2755
1725,3253
1725,1995
1725,2011
1725,2552
1725,2911
1725,385
1725,327
1725,3103
1725,2238
1725,3675
1725,4273
1725,2157
1725,3707
1725,3681
1725,2530
1725,2107
1725,3166
1725,3726
1725,3390
1725,3457
1725,3730
1725,2114
1725,3873
1725,3747
1725,2654
1725,1530
1725,4200
1725,3482
1725,2685
1725,2686
1725,2135
1725,3784
1725,2167
1732,3183
1732,3
3921,3140
3921,3463
1755,3781
1772,2255
1795,4026
2264,2290
2264,2847
2264,3396
2264,2146
1819,2323
1819,1961
1835,3663
1835,3048
1835,4302
1836,2192
1840,3
1848,2957
1865,2994
1865,2484
1869,3
1876,2634
1884,4243
1884,3099
1884,3103
1884,4066
1884,3349
1884,2464
1884,1599
1884,2812
1884,2508
1884,2135
1885,2921
1887,3349
1888,3140
1895,2919
1895,1004
1899,2919
1934,3129
1943,2994
1943,4289
1958,3213
1958,4361
1958,3633
1961,2323
1961,4197
1965,2994
1965,2221
1968,3495
1968,3
1975,2035
1975,2755
1983,2255
1991,2253
1991,2255
1991,2755
1995,4370
3210,4170
2011,3099
2017,2994
2024,2058
2024,3444
2024,4090
2035,2755
2041,3655
2062,2994
2072,3
2078,2515
2114,3
2120,3051
2123,2742
2123,2204
2123,171
2134,3633
2708,1381
2146,3781
2164,4279
2165,3636
2165,1670
2167,3
21,2692
21,2000
2188,4158
2192,3402
2203,3633
2210,166
2218,3183
2231,2058
2238,2957
2253,2995
2255,3241
2255,4148
2255,2654
2255,2593
2255,171
2260,3444
2260,1530
2994,166
2994,2650
2994,2593
2994,2725
2994,4294
2994,4225
2285,2464
2290,2815
2328,3183
1004,4232
2347,3495
2347,2875
2347,171
2347,2447
2347,2359
2360,3633
2360,528
2364,3538
2364,528
2386,556
4331,4302
2416,1381
2416,3192
2416,2957
2424,3183
2424,3895
2447,4245
2447,4111
2451,3183
2508,1381
2171,2620
2516,3140
2516,528
2516,2919
2519,2957
2519,3538
2519,2602
2519,3223
2536,4227
2540,3183
2552,2626
2552,1599
4068,2692
2593,3781
2742,1381
3677,4361
2634,4111
2634,3362
2634,4114
2634,3878
3262,2765
2650,3912
2685,3
2686,1381
2686,3633
2686,3183
2692,3543
2692,2883
2695,556
2703,3495
2725,166
3495,2957
3495,528
2755,1381
2755,618
2755,3368
2755,4361
2755,659
2755,4026
2755,3863
2765,3781
2769,3197
2776,2135
528,3362
528,3725
528,2949
528,2626
528,819
528,3633
2812,4243
2812,3
2812,2464
2820,697
2831,2877
2831,4217
2841,1599
2852,3633
2883,3765
2883,3075
2883,3482
2951,3633
2951,3697
2919,3368
2921,3875
2921,3280
2058,556
400,3781
2942,1554
2942,1599
2957,1599
618,3781
2975,4302
2978,556
2995,3
3004,3183
3005,3253
3022,3633
4158,171
4158,3349
819,3
1381,4111
1381,3223
1381,1124
1381,4066
3099,3140
3103,3389
3103,3765
3103,3
3103,3967
3103,2464
3464,3315
3183,4289
3183,327
3183,3376
3183,3389
3183,4307
3183,1240
3183,1267
3183,3889
3183,3550
3183,2460
3197,3765
2626,3550
2000,4124
2135,3730
2135,3
2135,2464
3239,3462
3253,4026
3257,3511
3525,4307
3331,3444
3331,4061
3354,3388
3354,3781
588,4087
3375,4225
3376,3
3402,3633
3457,3
885,4289
1530,659
3863,4026
3530,4124
3531,4302
3531,4061
3538,4075
4304,3971
3455,3
3550,4307
3559,3633
3559,3781
3,4114
3,1523
3,4361
3,3482
3,3672
3,171
3,3681
3,3683
3,4026
3,3479
3,4075
3,3784
3633,327
3633,2460
3633,3636
3635,4053
3636,4061
3672,3765
3697,1752
3707,3765
1240,4026
3725,1124
3747,4067
3781,4243
3781,3989
3482,4075
3482,3912
3873,4012
3912,4075
4026,4103
4026,4361
4053,4347
4111,4245
